{"cameraMode":{"drawMode":0,"name":"Shaded","section":"Shading Mode"},"sceneLighting":true,"audioPlay":false,"sceneViewState":{"m_AlwaysRefresh":false,"showFog":true,"showSkybox":false,"showFlares":true,"showImageEffects":true,"showParticleSystems":true,"showVisualEffectGraphs":true,"m_FxEnabled":true},"in2DMode":false,"pivot":{"x":69.71929931640625,"y":6.550922393798828,"z":-0.010000228881835938},"rotation":{"x":-0.06169993802905083,"y":0.04547758400440216,"z":-0.003027059603482485,"w":-0.9971290230751038},"size":84.03717041015625,"orthographic":false}