{"cameraMode":{"drawMode":0,"name":"Shaded","section":"Shading Mode"},"sceneLighting":true,"audioPlay":false,"sceneViewState":{"m_AlwaysRefresh":false,"showFog":true,"showSkybox":true,"showFlares":true,"showImageEffects":true,"showParticleSystems":true,"showVisualEffectGraphs":true,"m_FxEnabled":true},"in2DMode":false,"pivot":{"x":2.755523920059204,"y":0.5183683633804321,"z":2.1897683143615724},"rotation":{"x":-0.0027325167320668699,"y":-0.049150511622428897,"z":0.0007021611090749502,"w":0.999009907245636},"size":11.642132759094239,"orthographic":false}