{"cameraMode":{"drawMode":0,"name":"Shaded","section":"Shading Mode"},"sceneLighting":true,"audioPlay":false,"sceneViewState":{"m_AlwaysRefresh":false,"showFog":true,"showSkybox":true,"showFlares":true,"showImageEffects":true,"showParticleSystems":true,"showVisualEffectGraphs":true,"m_FxEnabled":true},"in2DMode":false,"pivot":{"x":0.15705204010009767,"y":2.701007604598999,"z":0.9459877014160156},"rotation":{"x":0.13334611058235169,"y":-0.030782615765929223,"z":0.0048147705383598808,"w":0.9907625913619995},"size":9.968748092651368,"orthographic":false}