{"cameraMode":{"drawMode":0,"name":"Shaded","section":"Shading Mode"},"sceneLighting":true,"audioPlay":false,"sceneViewState":{"m_AlwaysRefresh":false,"showFog":true,"showSkybox":true,"showFlares":true,"showImageEffects":true,"showParticleSystems":true,"showVisualEffectGraphs":true,"m_FxEnabled":true},"in2DMode":false,"pivot":{"x":-2.437450885772705,"y":-0.05098605155944824,"z":2.330709934234619},"rotation":{"x":0.030317753553390504,"y":0.01686323620378971,"z":0.0003251772141084075,"w":0.9996204376220703},"size":12.352054595947266,"orthographic":false}